{
  "collision_time": 1.0,
  "min_separation": 1.5151515151515147,
  "v_approach": 12.121212121212118,
  "r1_trajectory": [
    7.121212121212121,
    6.818181818181818,
    6.515151515151516,
    6.515151515151516,
    6.515151515151516,
    6.212121212121213,
    6.212121212121213,
    6.212121212121213,
    6.212121212121213,
    6.212121212121213,
    6.212121212121213,
    6.212121212121213,
    6.212121212121213,
    5.909090909090909,
    5.909090909090909,
    5.909090909090909,
    5.909090909090909,
    5.909090909090909,
    5.909090909090909,
    5.909090909090909,
    5.909090909090909,
    5.909090909090909,
    5.909090909090909,
    5.909090909090909,
    5.303030303030303,
    4.3939393939393945,
    5.0,
    5.606060606060606,
    3.787878787878788,
    1.3636363636363638,
    1.3636363636363638,
    1.3636363636363638,
    0.7575757575757576,
    0.7575757575757576,
    0.7575757575757576,
    1.6666666666666667,
    1.6666666666666667,
    1.6666666666666667,
    1.6666666666666667,
    1.9696969696969697,
    1.9696969696969697,
    1.9696969696969697,
    1.9696969696969697,
    1.9696969696969697,
    1.9696969696969697,
    2.2727272727272725,
    2.2727272727272725,
    2.2727272727272725,
    2.2727272727272725,
    2.2727272727272725,
    2.2727272727272725,
    2.2727272727272725,
    2.575757575757576,
    2.575757575757576,
    2.575757575757576,
    2.575757575757576,
    2.575757575757576,
    2.575757575757576,
    2.575757575757576,
    2.575757575757576,
    2.575757575757576,
    2.878787878787879,
    2.878787878787879,
    2.878787878787879,
    1.3636363636363638,
    1.6666666666666667,
    1.6666666666666667,
    1.6666666666666667,
    1.6666666666666667,
    3.1818181818181817,
    3.1818181818181817,
    3.1818181818181817,
    3.1818181818181817,
    3.1818181818181817,
    3.1818181818181817,
    1.9696969696969697,
    1.9696969696969697,
    1.6666666666666667,
    1.6666666666666667,
    0.4545454545454546,
    0.4545454545454546,
    0.4545454545454546,
    0.4545454545454546,
    1.6666666666666667,
    1.9696969696969697,
    2.2727272727272725,
    3.787878787878788,
    3.787878787878788,
    NaN,
    NaN,
    NaN,
    NaN,
    NaN,
    3.787878787878788,
    3.787878787878788,
    2.2727272727272725,
    2.2727272727272725,
    2.2727272727272725,
    2.2727272727272725,
    2.2727272727272725,
    2.2727272727272725,
    0.7575757575757576,
    0.7575757575757576,
    0.7575757575757576,
    0.7575757575757576,
    0.7575757575757576,
    0.7575757575757576,
    0.7575757575757576,
    0.7575757575757576,
    2.2727272727272725,
    2.2727272727272725,
    2.2727272727272725,
    2.2727272727272725,
    5.0,
    5.0,
    5.0,
    NaN,
    NaN,
    NaN,
    NaN,
    NaN,
    NaN,
    NaN,
    NaN,
    NaN,
    NaN,
    NaN,
    NaN,
    NaN,
    NaN,
    5.303030303030303,
    2.878787878787879,
    2.878787878787879,
    2.878787878787879,
    2.878787878787879,
    2.878787878787879,
    2.878787878787879,
    2.878787878787879,
    1.0606060606060606,
    1.0606060606060606,
    1.0606060606060606,
    1.0606060606060606,
    1.0606060606060606,
    1.0606060606060606,
    1.3636363636363638,
    1.3636363636363638,
    1.3636363636363638,
    1.3636363636363638,
    1.3636363636363638,
    1.3636363636363638,
    1.3636363636363638,
    1.3636363636363638,
    1.3636363636363638,
    1.3636363636363638,
    1.3636363636363638,
    1.3636363636363638,
    1.3636363636363638,
    1.0606060606060606,
    3.1818181818181817,
    3.1818181818181817,
    3.1818181818181817,
    3.1818181818181817,
    3.1818181818181817,
    3.1818181818181817,
    3.4848484848484853,
    3.4848484848484853,
    3.4848484848484853,
    3.4848484848484853,
    7.121212121212121,
    NaN,
    NaN,
    NaN,
    NaN,
    NaN,
    NaN,
    NaN,
    NaN,
    NaN,
    NaN,
    NaN,
    NaN,
    NaN,
    NaN,
    NaN,
    NaN,
    NaN,
    NaN,
    NaN,
    NaN,
    NaN,
    NaN,
    NaN,
    NaN,
    NaN,
    NaN,
    NaN,
    NaN,
    NaN,
    NaN,
    NaN
  ],